Model,Status,Parameters_M,GFLOPs,Precision,Recall,mAP50,mAP50-95,GPU_Inference_ms,GPU_FPS,Peak_GPU_GB
YOLO12l,SUCCESS,26.45488,,0.6082839189037468,0.45554427478614007,0.4444507095726423,0.19919834052191737,33.75084288238048,29.62888966906503,1.025467872619629
YOLO26m,SUCCESS,21.896248,,0.599457976183523,0.45669022225349565,0.4426137201599977,0.19896037215940177,19.90069512562904,50.24950101929623,0.8796091079711914
YOLO12m,SUCCESS,20.201216,,0.6113282527746837,0.44975422442476454,0.4421154821225567,0.19813793115376152,23.419319445309643,42.699789049603545,0.8704543113708496
YOLOv8m,SUCCESS,25.90264,,0.6084909983791063,0.45847950864989295,0.44468261500117073,0.19738062122052819,18.64957379496662,53.62052832917246,0.7539825439453125
YOLO11m,SUCCESS,20.114688,,0.6017131641320954,0.44928817876759025,0.43595368455360023,0.19622519886114312,19.949332130892518,50.126991391929906,0.8698959350585938
YOLO12s,SUCCESS,9.285632,,0.6093889886115832,0.4325650124144309,0.433130777564756,0.19251793515075183,8.561091918763527,116.807529867572,0.46613502502441406
RT-DETR-x,SUCCESS,67.467852,,0.5852146898018864,0.44685919924407674,0.4294470181726264,0.19107775045821218,72.70031408444142,13.755098758424895,1.882133960723877
YOLO26s,SUCCESS,10.009784,,0.6008316777476201,0.4344045596646596,0.4296294713629013,0.19081004235976662,6.3628410180776145,157.16249976368684,0.46933603286743164
YOLO11s,SUCCESS,9.458752,,0.5965905054847213,0.4349473768860385,0.43067905158914854,0.18948736221020412,6.579510316475807,151.9869947609766,0.4661235809326172
RT-DETR-l,SUCCESS,32.970476,,0.5883691093323151,0.4456227822398247,0.42458342916024416,0.1890296155040362,41.204819636386176,24.269005636344144,1.2328271865844727
YOLOv8s,SUCCESS,11.16656,,0.6069803196857305,0.4355889766840684,0.4289195379383042,0.18669008113945496,6.956853976200959,143.74313496027784,0.42461061477661133
YOLO12n,SUCCESS,2.603056,,0.5962694266456681,0.40225357853705795,0.4116193439600966,0.1794652863943521,4.603733083524001,217.21502568835595,0.2551865577697754
YOLOv8n,SUCCESS,3.1572,,0.5978908282519945,0.4073541681326082,0.41524967649105177,0.17869432280193917,3.976860590388009,251.4546279085014,0.23543977737426758
YOLO26n,SUCCESS,2.57228,,0.5914712812375347,0.39820150244975083,0.4092969054885066,0.17581532376999043,3.983035833409701,251.06477617198442,0.2543973922729492
YOLO11n,SUCCESS,2.62408,,0.5883867261438815,0.39984519657019935,0.40821558930957647,0.17558198886616022,3.9157419151028083,255.3794457553633,0.255281925201416
