Detector,Params (M),Precision,Recall,mAP@50,mAP@50:95,GPU inference (ms),GPU FPS,Peak GPU (GB)
YOLOv8s,11.16,0.761,0.6152,0.604,0.2422,9.31,107.39,0.07
YOLO11l,25.34,0.6771,0.6497,0.5702,0.2336,30.44,32.85,0.18
YOLO12s,9.26,0.6464,0.6522,0.5686,0.2324,16.87,59.28,0.12
YOLO12l,26.4,0.6215,0.6716,0.573,0.2317,54.57,18.33,0.22
YOLOv8l,43.67,0.6432,0.6551,0.5626,0.2292,40.52,24.68,0.19
YOLOv8m,25.89,0.7079,0.645,0.5804,0.2289,26.21,38.16,0.12
YOLO12m,20.17,0.647,0.6419,0.5552,0.227,35.67,28.03,0.2
YOLO26l,24.81,0.612,0.6426,0.5485,0.2252,30.29,33.02,0.18
YOLOv8n,3.15,0.7356,0.5743,0.5752,0.2232,6.03,165.96,0.03
YOLO26m,20.41,0.6261,0.6458,0.5495,0.2223,24.08,41.53,0.16
YOLO11n,2.62,0.7384,0.5543,0.5622,0.2204,8.5,117.67,0.06
YOLO12n,2.59,0.7453,0.5578,0.559,0.2197,13.48,74.18,0.07
YOLO11m,20.09,0.7522,0.5638,0.5485,0.2172,23.08,43.33,0.16
YOLO11s,9.44,0.7144,0.5973,0.5455,0.2163,10.12,98.79,0.1
YOLO26n,2.41,0.7408,0.5498,0.5628,0.2156,9.94,100.61,0.06
YOLO26s,9.5,0.6292,0.6068,0.5213,0.2108,10.49,95.33,0.1
RT-DETR-l,32.15,0.6102,0.5864,0.4791,0.2073,50.31,19.88,0.2
RT-DETR-x,65.63,0.4282,0.4687,0.3105,0.1099,72.04,13.88,0.28
